{
  "Total U-Factor (W/m\u00b2\u00b7K)": {
    "r2": 0.9307474081844332,
    "rmse": 0.325130344779528
  },
  "SHGC": {
    "r2": 0.7410011970533603,
    "rmse": 0.057820595795408075
  },
  "Total Cost (USD/m\u00b2)": {
    "r2": 0.8826889036493627,
    "rmse": 68.70032734372408
  }
}